card,round,a0,ttc0,a1,ttc1,a2,ttc2,a3,ttc3,a4,ttc4,a5,ttc5,a6,ttc6,a7,ttc7,a8,ttc8,a9,ttc9
0,0,0,0,0,0,0,0,0,0,0,0,0,0,0,0,0,0,0,0,0,0
1,0,0,0,0,0,0,0,0,0,0,0,0,0,0,0,0,0,0,0,0,0
2,0,0,0,0,0,0,0,0,0,0,0,0,0,0,0,0,0,0,0,0,0
3,0,0,0,0,0,0,0,0,0,0,0,0,0,0,0,0,0,0,0,0,0
4,3783,0,0,0,0,0,0,0,0,0,0,0,0,0,0,0,0,0,0,0,0
5,6774,0,0,0,0,0,0,0,0,0,0,0,0,0,0,0,0,0,0,0,0
6,10000,0,0,0,0,0,0,0,0,0,0,0,0,0,0,0,0,0,0,0,0
7,10000,0,0,0,0,0,0,0,0,0,0,0,0,0,0,0,0,0,0,0,0
8,11452,0,0,0,0,0,0,0,0,0,0,0,0,0,0,0,0,0,0,0,0
9,13639,0,0,0,0,0,0,0,0,0,0,0,0,0,0,0,0,0,0,0,0
10,17092,0,0,0,0,0,0,0,0,0,0,0,0,0,0,0,0,0,0,0,0
11,19004,0,0,0,0,0,0,0,0,0,0,0,0,0,0,0,0,0,0,0,0
12,20541,0,0,0,0,0,0,0,0,0,0,0,0,0,0,0,0,0,0,0,0
13,21815,0,0,0,0,0,0,0,0,0,0,0,0,0,0,0,0,0,0,0,0
14,24273,0,0,0,0,0,0,0,0,0,0,0,0,0,0,0,0,0,0,0,0
15,26762,0,0,0,0,0,0,0,0,0,0,0,0,0,0,0,0,0,0,0,0
16,29009,0,0,0,0,0,0,0,0,0,0,0,0,0,0,0,0,0,0,0,0
17,30540,0,0,0,0,0,0,0,0,0,0,0,0,0,0,0,0,0,0,0,0
18,32352,0,0,0,0,0,0,0,0,0,0,0,0,0,0,0,0,0,0,0,0
19,34409,0,0,0,0,0,0,0,0,0,0,0,0,0,0,0,0,0,0,0,0
20,36808,0,0,0,0,0,0,0,0,0,0,0,0,0,0,0,0,0,0,0,0
21,38882,0,0,0,0,0,0,0,0,0,0,0,0,0,0,0,0,0,0,0,0
22,40710,0,0,0,0,0,0,0,0,0,0,0,0,0,0,0,0,0,0,0,0
23,42490,0,0,0,0,0,0,0,0,0,0,0,0,0,0,0,0,0,0,0,0
24,44594,0,0,0,0,0,0,0,0,0,0,0,0,0,0,0,0,0,0,0,0
25,46812,0,0,0,0,0,0,0,0,0,0,0,0,0,0,0,0,0,0,0,0
26,48877,0,0,0,0,0,0,0,0,0,0,0,0,0,0,0,0,0,0,0,0
27,50782,0,0,0,0,0,0,0,0,0,0,0,0,0,0,0,0,0,0,0,0
28,52750,0,0,0,0,0,0,0,0,0,0,0,0,0,0,0,0,0,0,0,0
29,54739,0,0,0,0,0,0,0,0,0,0,0,0,0,0,0,0,0,0,0,0
30,56908,0,0,0,0,0,0,0,0,0,0,0,0,0,0,0,0,0,0,0,0
31,58906,0,0,0,0,0,0,0,0,0,0,0,0,0,0,0,2,0,0,0,0
32,60951,0,0,0,0,0,0,0,0,0,0,0,0,0,0,0,2,0,0,0,0
33,62902,0,0,0,0,0,0,0,0,0,0,0,0,0,0,0,4,0,0,0,0
34,64946,0,0,0,0,0,0,0,0,0,0,0,0,0,0,0,6,0,0,0,0
35,66999,0,0,0,0,0,0,0,0,0,0,0,0,0,0,0,11,0,0,0,0
36,68972,0,0,0,0,0,0,0,0,0,0,0,0,0,0,0,14,0,0,0,0
37,71018,0,0,0,0,0,0,0,0,0,0,0,0,0,0,0,17,0,0,0,0
38,73076,0,0,0,0,0,0,0,0,0,0,0,0,0,0,0,27,0,0,0,0
39,75055,0,0,0,0,0,1,0,0,0,0,0,0,0,0,0,50,0,0,0,0
40,77110,0,0,0,0,0,1,0,0,0,0,0,0,0,0,0,69,0,0,0,0
41,79125,0,0,0,0,0,1,0,0,0,0,0,0,0,0,0,84,0,0,0,0
42,81192,0,0,0,0,0,1,0,0,0,0,0,0,0,0,0,113,0,0,0,0
43,83193,0,0,0,0,0,1,0,0,0,0,0,0,0,0,0,136,0,0,0,0
44,85198,0,0,0,0,0,3,0,0,0,0,0,0,0,0,1,150,0,0,0,0
45,87265,0,0,0,0,0,3,0,1,0,0,0,0,0,0,2,185,0,0,0,0
46,89292,0,0,0,0,0,5,0,1,0,0,0,0,0,0,2,227,0,0,0,0
47,91332,0,0,0,0,0,7,0,3,0,0,0,0,0,0,2,263,0,0,0,0
48,93336,0,0,0,0,0,10,0,3,0,0,0,0,0,0,2,295,0,0,0,0
49,95300,0,0,0,0,0,10,0,3,0,0,0,0,0,0,2,335,0,0,0,0
50,97368,0,0,0,0,0,12,0,4,0,0,0,0,0,0,3,389,0,0,0,0
51,99383,0,0,0,0,0,15,0,7,0,0,0,0,0,0,3,436,0,0,0,0
52,101448,0,0,0,0,0,18,0,8,0,0,0,0,0,0,3,504,0,0,0,0
53,103427,0,0,0,0,0,21,0,10,0,0,0,0,0,0,4,567,0,0,0,1
54,105431,0,0,0,0,0,26,0,13,0,0,0,0,0,0,5,622,0,0,0,3
55,107491,0,0,0,0,0,29,0,15,0,0,0,0,0,0,5,708,0,0,0,4
56,109527,0,0,0,0,0,34,0,18,0,0,0,0,0,0,6,795,0,0,0,6
57,111544,0,0,0,0,0,41,0,21,0,0,0,0,0,0,7,864,0,0,0,9
58,113553,0,1,0,0,0,47,0,22,0,0,0,0,0,0,9,942,0,0,0,10
59,115573,0,1,0,0,0,51,0,25,0,0,0,0,0,0,11,1026,0,0,0,16
60,117614,0,1,0,3,0,58,0,30,0,0,0,0,0,0,11,1112,0,0,0,21
61,119594,0,1,0,3,0,64,0,33,0,0,0,0,0,0,12,1202,0,0,0,29
62,121578,0,2,0,3,0,74,0,36,0,0,0,0,0,0,13,1287,0,1,0,34
63,123662,0,3,0,5,0,86,0,39,0,0,0,0,0,0,13,1393,0,1,0,38
64,125715,0,4,0,7,1,98,0,43,0,0,0,1,0,0,14,1503,0,2,0,43
65,127716,0,4,0,10,1,112,0,45,0,0,0,2,0,0,16,1607,0,3,0,54
66,129755,0,6,0,12,1,120,0,52,0,0,0,3,0,0,16,1718,0,4,0,60
67,131716,0,6,0,14,1,131,0,60,0,0,0,4,0,0,18,1834,0,7,0,66
68,133683,0,10,0,15,1,142,0,68,0,1,0,4,0,0,18,1953,0,8,0,75
69,135826,0,13,0,17,1,160,0,75,0,2,0,4,0,0,19,2060,0,10,0,92
70,137828,0,13,0,18,1,177,0,85,0,2,0,5,0,0,21,2202,0,12,1,107
71,139848,0,18,0,24,1,191,0,99,0,3,0,7,0,2,25,2344,0,17,1,115
72,141845,0,20,0,27,1,210,0,108,0,3,0,9,0,4,30,2463,0,23,1,132
73,143870,0,22,0,27,1,228,0,121,0,5,0,9,0,4,31,2590,0,28,1,152
74,145878,0,24,0,33,1,252,0,134,0,8,0,10,0,4,31,2729,0,30,1,171
75,147957,0,27,0,38,1,272,0,147,0,10,0,17,0,8,33,2877,0,39,2,187
76,149994,0,31,0,43,1,301,0,161,0,10,0,21,0,9,34,3022,0,43,2,202
77,151998,0,42,0,52,1,329,0,168,0,11,0,26,0,11,36,3158,0,54,2,219
78,153984,0,48,0,55,1,361,0,182,0,13,0,26,0,11,37,3310,0,60,2,253
79,156012,0,49,0,61,1,393,0,204,0,15,0,28,0,14,42,3482,0,67,3,273
80,158090,0,54,0,68,1,431,0,223,0,16,0,30,0,17,43,3664,0,75,3,301
81,160124,0,65,0,76,1,454,0,241,0,17,0,40,0,19,46,3834,0,85,3,321
82,162102,0,68,0,85,1,483,0,261,0,21,0,47,0,21,49,4006,0,98,3,356
83,164125,0,75,0,92,1,513,0,283,1,26,0,52,0,23,51,4167,0,109,3,389
84,166151,0,84,0,97,1,550,0,308,1,26,0,55,0,27,55,4329,0,119,3,414
85,168211,0,93,0,105,1,581,0,329,1,34,0,59,0,32,59,4518,0,128,3,442
86,170210,0,102,0,120,1,608,0,353,1,38,0,65,0,35,60,4702,0,138,3,478
87,172239,0,112,0,131,1,646,0,368,1,41,1,72,0,38,60,4874,0,160,3,512
88,174256,0,120,0,144,1,692,0,392,1,44,1,78,0,40,64,5038,0,176,4,547
89,176275,0,132,0,151,1,739,0,414,1,50,1,84,0,43,65,5206,0,191,5,590
90,178360,0,144,0,164,1,771,0,438,1,54,1,95,0,48,68,5400,0,204,6,635
91,180348,0,162,0,177,1,815,0,470,1,65,1,104,0,55,70,5602,0,221,7,676
92,182394,0,175,0,198,1,866,0,505,1,71,1,111,1,58,72,5822,0,242,7,719
93,184409,0,192,0,213,2,909,0,528,1,73,1,120,1,63,77,6024,0,272,7,758
94,186416,0,200,0,227,2,953,0,560,1,78,1,129,2,73,80,6245,0,284,7,804
95,188399,1,214,0,245,2,996,0,586,1,91,1,139,2,80,83,6453,0,308,7,850
96,190471,1,228,0,257,2,1050,0,623,1,99,1,147,2,85,85,6677,0,337,8,914
97,192532,1,243,0,277,2,1100,0,649,1,109,1,167,2,92,90,6891,1,374,8,961
98,194536,2,261,0,300,2,1160,0,689,1,114,1,177,2,102,94,7109,1,399,9,1014
99,196496,2,279,0,321,3,1221,0,724,1,125,1,187,2,111,95,7313,1,424,9,1057
100,198573,2,295,0,340,3,1282,0,765,1,137,1,199,2,119,98,7540,2,448,9,1116
101,200590,2,315,0,369,3,1328,0,788,1,149,1,208,2,134,101,7768,2,482,9,1181
102,202625,2,337,0,384,3,1383,0,833,1,160,1,228,2,145,106,8018,2,511,10,1249
103,204604,4,347,0,404,3,1440,0,870,1,171,1,247,2,152,108,8242,2,547,11,1303
104,206658,4,372,0,435,5,1517,0,919,1,184,1,262,2,169,111,8494,2,578,11,1369
105,208684,4,396,0,469,5,1580,0,963,1,199,1,276,2,190,113,8752,3,618,11,1438
106,210767,4,414,0,500,6,1650,0,1007,1,213,1,298,2,209,117,8996,3,659,13,1540
107,212761,4,435,0,518,6,1715,0,1063,1,224,1,316,2,226,121,9249,4,711,13,1616
108,214760,4,453,0,558,6,1780,0,1104,1,244,1,341,2,243,122,9495,4,748,15,1692
109,216746,4,475,0,581,7,1869,0,1158,1,257,1,361,2,262,123,9751,4,794,15,1752
110,218849,4,501,0,616,8,1944,0,1222,1,271,1,379,3,286,130,10032,5,828,15,1827
111,220864,4,531,1,637,8,2028,0,1276,1,285,2,398,3,309,135,10285,7,870,15,1916
112,222886,4,558,1,678,8,2094,0,1330,1,296,2,420,3,328,138,10535,7,925,15,2005
113,224876,4,584,1,714,8,2181,0,1392,1,317,2,443,3,349,142,10811,8,977,15,2087
114,226916,4,629,1,759,8,2273,0,1450,1,344,3,469,3,382,147,11087,9,1028,16,2161
115,228949,5,658,1,796,9,2364,0,1522,1,360,3,496,3,416,153,11335,10,1082,16,2255
116,231021,5,694,1,828,10,2443,1,1570,1,376,3,521,3,442,155,11624,11,1138,17,2363
117,233011,5,730,1,872,10,2547,1,1633,1,404,3,548,3,458,160,11893,11,1195,20,2455
118,234991,5,763,1,911,10,2625,1,1680,1,427,4,572,3,487,165,12206,11,1245,22,2546
119,237015,5,806,1,958,11,2717,1,1762,1,453,5,603,4,518,170,12497,11,1294,23,2633
120,239134,5,852,1,1004,12,2811,1,1834,1,480,5,632,4,557,178,12807,11,1342,23,2725
121,241108,5,884,1,1040,13,2919,1,1900,1,506,6,665,4,591,186,13096,12,1407,23,2809
122,243143,5,927,1,1087,13,3039,1,1968,1,535,7,693,4,619,188,13396,12,1478,24,2908
123,245152,5,967,1,1137,14,3143,2,2040,1,565,7,727,5,654,192,13705,12,1555,27,3023
124,247179,5,1022,2,1190,14,3236,2,2114,1,585,7,762,6,684,195,14015,12,1621,29,3119
125,249171,5,1061,2,1227,15,3343,2,2186,1,617,8,799,6,720,198,14312,12,1689,29,3234
126,251292,5,1116,2,1260,16,3461,2,2271,1,652,8,836,6,750,202,14656,12,1762,29,3344
127,253246,5,1151,2,1311,16,3582,2,2348,1,686,8,871,6,795,208,14937,13,1840,30,3453
128,255290,5,1208,2,1373,16,3691,3,2432,1,717,8,911,7,835,211,15247,13,1908,30,3574
129,257343,5,1254,2,1435,16,3801,3,2518,1,766,8,945,7,883,215,15571,15,1978,31,3680
130,259372,6,1323,2,1493,16,3928,3,2609,1,791,9,996,7,917,220,15924,15,2041,33,3805
131,261377,6,1382,2,1541,17,4052,3,2702,2,827,9,1032,7,953,225,16231,15,2133,33,3940
132,263479,6,1436,2,1595,18,4184,3,2800,3,871,9,1078,8,997,232,16578,15,2223,33,4065
133,265478,6,1482,3,1660,19,4321,3,2883,3,925,10,1126,9,1036,239,16924,15,2307,34,4189
134,267474,6,1554,3,1718,19,4460,3,2995,3,967,10,1181,11,1085,242,17240,17,2380,35,4336
135,269515,6,1614,3,1778,19,4579,3,3085,3,1012,10,1228,11,1117,244,17599,19,2471,37,4484
136,271565,6,1687,3,1866,20,4711,4,3179,4,1056,10,1284,11,1172,255,17948,19,2558,37,4629
137,273589,6,1735,3,1932,21,4849,5,3281,4,1103,10,1345,14,1222,261,18278,19,2660,37,4757
138,275620,6,1815,3,1998,21,4993,5,3401,4,1142,12,1391,14,1276,267,18618,20,2765,38,4889
139,277605,7,1877,3,2054,22,5163,6,3494,4,1200,12,1458,15,1314,275,18948,20,2850,40,5050
140,279598,8,1945,3,2135,22,5303,6,3605,4,1251,12,1508,15,1359,282,19284,22,2941,45,5205
141,281653,8,2012,3,2211,22,5452,6,3704,4,1306,12,1560,16,1412,283,19631,23,3054,46,5366
142,283754,8,2085,3,2299,24,5614,8,3836,4,1349,12,1615,17,1468,291,19977,25,3161,46,5529
143,285743,8,2159,3,2371,24,5768,8,3971,4,1402,12,1699,17,1536,296,20343,26,3262,46,5657
144,287762,8,2243,3,2456,25,5925,8,4094,4,1461,12,1764,17,1594,302,20698,26,3349,48,5817
145,289753,8,2307,3,2543,25,6073,9,4208,4,1517,13,1817,17,1654,312,21069,26,3459,50,5979
146,291782,8,2397,3,2642,25,6224,9,4337,4,1583,13,1890,18,1707,319,21411,26,3571,51,6122
147,293873,8,2466,3,2720,25,6381,9,4459,4,1636,13,1962,18,1778,325,21811,26,3682,51,6303
148,295937,8,2546,3,2800,26,6568,10,4587,5,1684,14,2030,20,1839,330,22189,26,3801,55,6482
149,297875,9,2620,3,2880,26,6730,10,4720,6,1748,14,2106,21,1903,337,22551,27,3913,56,6627
150,299853,9,2719,3,2967,29,6881,10,4867,6,1816,14,2182,21,1963,342,22890,27,4036,57,6789
151,301874,9,2790,3,3065,29,7041,10,5002,6,1886,14,2267,23,2029,350,23284,28,4146,59,6953
152,303942,9,2891,3,3174,29,7240,11,5146,6,1955,14,2356,23,2112,353,23669,29,4265,61,7140
153,306001,9,2973,3,3255,29,7418,11,5277,7,2012,14,2427,24,2178,357,24067,29,4383,63,7319
154,308019,9,3066,3,3349,29,7589,11,5416,7,2095,15,2508,25,2248,361,24440,31,4506,64,7477
155,310017,10,3137,3,3443,30,7747,12,5558,7,2162,15,2584,25,2316,366,24815,32,4647,66,7662
156,312051,11,3240,3,3560,30,7943,13,5719,7,2242,15,2666,26,2410,376,25247,37,4775,67,7868
157,314073,11,3325,3,3666,30,8165,13,5881,8,2318,16,2769,27,2480,382,25663,39,4908,69,8064
158,316132,12,3430,3,3759,30,8351,13,6039,9,2395,16,2859,29,2572,388,26075,40,5057,70,8280
159,318114,15,3532,3,3872,30,8534,13,6181,10,2463,16,2952,29,2663,397,26485,41,5201,72,8437
160,320134,15,3631,3,3975,30,8713,13,6346,10,2545,16,3050,30,2743,405,26878,44,5343,72,8632
161,322145,15,3728,3,4092,32,8907,14,6499,10,2617,16,3130,32,2816,410,27266,46,5466,75,8825
162,324197,15,3836,5,4196,32,9106,17,6639,10,2700,20,3214,34,2916,419,27716,48,5603,76,9021
163,326259,15,3944,6,4291,32,9281,18,6796,11,2782,20,3327,36,2996,422,28140,48,5757,77,9224
164,328273,16,4057,6,4417,33,9478,18,6985,11,2875,20,3431,37,3082,429,28542,50,5900,79,9412
165,330253,19,4169,7,4542,33,9680,20,7157,11,2956,22,3519,38,3168,438,28918,51,6052,82,9627
166,332286,22,4275,7,4653,34,9896,20,7305,11,3052,23,3629,39,3276,442,29321,52,6210,83,9831
167,334311,23,4413,7,4804,34,10112,20,7471,11,3124,24,3732,40,3376,451,29729,52,6370,84,10046
168,336360,23,4535,7,4904,34,10315,20,7638,11,3220,24,3828,41,3453,461,30185,52,6525,85,10267
169,338417,23,4645,7,5043,35,10545,21,7832,14,3325,24,3958,42,3547,471,30602,54,6673,90,10477
170,340396,24,4766,8,5159,37,10747,22,8004,14,3415,24,4069,43,3653,485,31024,55,6834,90,10670
171,342425,24,4878,9,5309,38,10958,23,8170,14,3499,25,4171,43,3756,487,31452,55,7020,91,10891
172,344491,24,5020,9,5430,38,11154,23,8364,14,3605,25,4278,45,3873,495,31899,55,7173,93,11112
173,346474,25,5149,9,5583,38,11354,23,8556,16,3725,25,4403,45,3979,505,32349,55,7327,95,11318
174,348511,25,5287,9,5702,38,11564,25,8758,17,3841,26,4528,46,4096,512,32775,55,7495,96,11541
175,350563,25,5415,9,5837,42,11792,27,8942,19,3942,27,4649,48,4215,518,33221,58,7674,97,11780
176,352569,25,5556,9,5978,42,12028,28,9137,19,4031,27,4753,49,4319,526,33666,60,7847,99,12018
177,354591,27,5685,10,6121,43,12276,28,9314,20,4124,27,4869,52,4439,534,34109,62,8041,100,12254
178,356626,28,5821,10,6244,43,12480,29,9506,21,4235,29,4995,56,4551,542,34559,62,8204,102,12495
179,358623,28,5960,10,6381,44,12707,29,9718,21,4361,32,5141,57,4663,549,34979,64,8375,105,12723
180,360636,28,6106,11,6548,44,12930,30,9920,21,4474,33,5254,60,4804,559,35425,65,8560,107,12958
181,362681,29,6248,11,6696,46,13182,31,10088,21,4579,34,5378,63,4925,564,35864,65,8762,109,13214
182,364701,30,6409,12,6854,47,13431,31,10295,22,4710,34,5527,63,5052,570,36330,66,8927,112,13470
183,366726,31,6544,14,6994,47,13660,32,10489,22,4829,35,5668,63,5189,580,36808,69,9139,115,13710
184,368732,31,6692,14,7139,47,13883,33,10706,23,4948,35,5815,65,5311,590,37255,72,9314,117,13967
185,370749,31,6833,14,7303,50,14134,33,10888,26,5055,37,5943,66,5431,599,37760,76,9522,117,14215
186,372824,32,7001,15,7475,50,14385,34,11121,27,5192,38,6078,69,5581,609,38197,80,9731,118,14478
187,374821,33,7171,17,7634,50,14628,36,11337,27,5312,41,6232,72,5726,619,38678,82,9919,118,14729
188,376859,33,7335,18,7794,51,14872,36,11559,28,5462,41,6374,72,5858,629,39153,82,10106,122,14980
189,378866,33,7495,19,7972,51,15117,38,11773,29,5586,42,6525,74,6008,633,39614,87,10317,124,15227
190,380898,33,7644,20,8137,51,15346,38,11991,32,5720,42,6674,74,6152,640,40086,88,10516,128,15485
191,382938,33,7825,20,8309,53,15618,38,12215,33,5852,43,6802,74,6310,651,40558,89,10738,129,15749
192,384919,34,7973,21,8468,53,15887,38,12438,34,5992,44,6940,78,6447,661,40990,89,10941,130,16036
193,386923,35,8135,21,8635,56,16153,39,12656,35,6111,45,7092,81,6581,665,41469,91,11155,132,16282
194,388930,36,8301,21,8813,59,16392,40,12853,36,6256,45,7250,85,6740,668,41947,91,11370,133,16571
195,391030,36,8473,21,9005,59,16660,40,13099,37,6412,45,7416,86,6905,682,42457,93,11607,136,16862
196,393035,38,8665,21,9191,59,16929,40,13350,38,6551,47,7572,88,7072,692,42911,94,11826,140,17120
197,394994,38,8835,21,9355,60,17193,40,13587,39,6674,47,7703,89,7235,700,43398,96,12023,142,17377
198,397034,40,9005,21,9538,61,17442,41,13811,39,6834,49,7854,91,7395,706,43925,97,12234,142,17675
199,399095,41,9177,24,9729,63,17685,41,14044,39,6978,50,8013,92,7557,717,44441,98,12472,143,17945
200,401084,44,9338,26,9913,63,17979,42,14284,39,7128,50,8164,93,7720,724,44854,103,12727,145,18249
201,403156,48,9550,27,10116,63,18264,43,14546,40,7280,52,8333,97,7901,730,45376,106,12965,146,18543
202,405177,49,9758,27,10324,64,18560,43,14801,41,7436,54,8502,98,8086,735,45856,107,13200,148,18827
203,407186,49,9939,27,10496,64,18846,44,15057,44,7580,54,8672,102,8261,744,46360,108,13418,148,19125
204,409207,51,10117,27,10702,64,19118,45,15289,44,7762,55,8847,104,8429,754,46869,112,13659,151,19427
205,411204,51,10320,27,10887,65,19392,45,15528,46,7912,57,9018,107,8598,763,47357,113,13913,153,19705
206,413234,55,10517,27,11074,65,19693,46,15811,46,8066,57,9194,110,8776,771,47833,113,14153,158,19999
207,415299,57,10717,28,11276,68,19996,46,16078,47,8214,59,9356,112,8965,776,48334,116,14407,163,20273
208,417321,57,10922,31,11488,68,20295,46,16334,48,8392,59,9533,115,9139,787,48885,118,14668,166,20598
209,419362,60,11131,31,11701,70,20585,49,16607,49,8578,61,9742,117,9330,797,49365,122,14928,168,20917
210,421350,60,11340,31,11892,70,20885,49,16861,49,8760,61,9958,118,9541,810,49887,123,15176,172,21214
211,423375,60,11558,31,12106,71,21199,50,17128,49,8906,63,10130,119,9745,820,50383,125,15448,175,21553
212,425390,60,11783,32,12316,71,21501,51,17437,51,9071,64,10298,121,9921,828,50912,128,15716,178,21827
213,427455,60,11993,32,12551,72,21790,53,17683,52,9267,64,10493,125,10112,844,51442,129,15986,179,22132
214,429489,60,12212,32,12747,73,22137,53,17977,53,9438,65,10693,128,10298,851,51957,129,16225,184,22470
215,431470,60,12432,32,12948,74,22436,53,18240,55,9611,66,10885,130,10497,861,52455,134,16463,188,22750
216,433493,60,12660,32,13160,76,22722,54,18539,56,9795,68,11097,135,10700,867,52949,137,16738,191,23047
217,435539,64,12887,32,13391,78,23053,55,18843,56,9972,69,11286,142,10901,870,53487,141,17025,194,23369
218,437551,66,13128,33,13612,80,23409,55,19147,58,10153,71,11494,146,11077,879,54022,144,17308,196,23705
219,439549,68,13370,35,13882,80,23764,56,19435,61,10357,73,11693,149,11289,887,54527,149,17564,201,24010
220,441638,69,13604,36,14104,81,24098,58,19759,62,10543,74,11923,151,11511,895,55025,153,17852,203,24385
221,443622,69,13811,36,14304,82,24418,59,20036,63,10735,76,12128,152,11705,900,55539,156,18105,206,24708
222,445663,71,14068,36,14517,84,24775,59,20332,64,10922,79,12329,155,11918,909,56100,158,18384,209,24995
223,447618,72,14323,36,14785,84,25101,59,20646,65,11118,82,12540,156,12118,917,56653,161,18667,210,25305
224,449643,72,14559,36,15042,85,25430,60,20954,65,11321,83,12779,159,12355,925,57165,164,18953,217,25662
225,451696,73,14812,36,15283,86,25774,62,21268,70,11537,84,12997,166,12584,933,57707,167,19230,219,26025
226,453737,73,15034,36,15521,86,26107,63,21593,71,11739,87,13248,169,12816,946,58246,171,19525,222,26348
227,455713,73,15290,37,15757,86,26483,63,21890,72,11938,88,13437,176,13047,954,58785,172,19824,223,26689
228,457788,74,15570,37,16010,86,26856,63,22212,73,12150,90,13672,178,13270,964,59338,173,20125,229,27073
229,459806,74,15794,41,16244,88,27196,64,22538,75,12351,93,13908,180,13480,971,59856,174,20430,235,27417
230,461840,77,16029,42,16501,90,27556,65,22862,77,12551,94,14140,183,13724,977,60392,175,20696,237,27765
231,463836,82,16305,42,16755,91,27909,67,23198,79,12773,94,14365,191,13972,987,60902,178,20999,247,28102
232,465859,84,16574,42,17036,94,28271,70,23533,79,12993,96,14614,192,14203,997,61456,180,21310,250,28433
233,467890,87,16851,42,17293,95,28639,73,23859,80,13207,98,14870,194,14442,1004,62011,184,21605,254,28762
234,469919,88,17103,43,17573,95,29014,75,24183,81,13432,99,15107,197,14696,1019,62590,185,21915,258,29155
235,471881,90,17356,43,17825,99,29377,78,24503,84,13655,99,15346,202,14927,1033,63131,186,22212,259,29493
236,473967,91,17606,44,18089,101,29752,79,24880,87,13878,99,15583,203,15165,1044,63703,191,22575,262,29880
237,475985,93,17887,47,18346,102,30112,79,25203,87,14100,103,15837,207,15412,1055,64301,199,22909,263,30254
238,478000,94,18160,48,18641,106,30495,80,25533,88,14336,103,16089,210,15679,1070,64882,199,23225,266,30643
239,479991,97,18424,49,18917,106,30876,81,25908,88,14566,105,16383,212,15937,1081,65422,201,23511,268,31015
240,482012,98,18690,50,19176,111,31221,81,26248,89,14819,105,16638,218,16213,1090,65978,202,23830,270,31373
241,484026,98,18972,50,19464,115,31582,81,26592,89,15039,106,16910,224,16478,1100,66532,203,24170,270,31734
242,486120,100,19266,51,19752,118,31974,81,26939,90,15287,109,17176,228,16721,1109,67164,208,24493,273,32115
243,488112,104,19554,51,20027,119,32391,82,27252,91,15524,112,17430,232,16964,1123,67701,211,24837,276,32525
244,490074,104,19808,52,20306,120,32768,82,27621,94,15774,115,17670,237,17218,1131,68257,213,25158,276,32899
245,492127,106,20082,54,20579,120,33127,83,27975,95,16007,117,17924,238,17491,1144,68829,221,25514,279,33296
246,494157,106,20395,56,20894,121,33522,84,28345,95,16267,118,18222,239,17766,1154,69423,225,25846,281,33680
247,496249,109,20711,56,21189,125,33945,86,28694,99,16520,120,18525,242,18081,1171,70023,229,26204,287,34124
248,498192,111,20994,57,21483,127,34330,89,29057,103,16809,121,18797,242,18321,1179,70616,233,26549,289,34476
249,500234,112,21296,58,21778,128,34719,89,29404,105,17071,121,19077,248,18626,1193,71266,238,26895,292,34892
250,502218,114,21568,61,22086,128,35065,92,29773,107,17300,122,19340,251,18903,1205,71861,241,27219,297,35268
251,504353,115,21913,61,22399,129,35470,95,30148,113,17563,123,19640,255,19188,1215,72454,244,27590,297,35654
252,506342,119,22211,61,22678,131,35895,95,30476,116,17812,127,19918,256,19436,1229,73059,247,27955,303,36053
253,508355,121,22535,63,22981,132,36306,96,30873,117,18102,130,20224,263,19725,1244,73667,252,28323,305,36468
254,510308,125,22830,64,23320,135,36693,97,31242,120,18386,131,20531,266,20016,1261,74275,258,28656,312,36903
255,512383,126,23132,65,23634,138,37109,97,31646,122,18654,138,20830,269,20329,1270,74877,263,29037,315,37302
256,514419,126,23450,65,23946,139,37535,99,32039,125,18918,138,21138,269,20623,1288,75446,267,29404,324,37691
257,516484,127,23800,65,24267,139,37915,100,32421,125,19210,140,21447,274,20929,1296,76065,272,29792,326,38106
258,518474,130,24102,65,24581,141,38313,103,32800,128,19482,141,21739,281,21227,1304,76698,274,30115,332,38501
259,520502,134,24434,68,24893,142,38743,104,33185,132,19771,143,22056,286,21500,1317,77285,280,30475,336,38896
260,522480,136,24741,70,25185,143,39159,105,33613,134,20047,145,22372,292,21831,1329,77889,286,30871,343,39312
261,524541,136,25100,72,25544,143,39572,106,34003,136,20340,146,22685,302,22144,1341,78517,294,31279,343,39772
262,526581,136,25428,72,25861,144,40014,107,34398,136,20638,149,23015,307,22473,1351,79157,297,31668,346,40221
263,528647,137,25776,74,26186,145,40456,107,34802,136,20942,149,23342,312,22795,1364,79799,303,32078,349,40655
264,530598,139,26084,74,26488,147,40886,109,35218,141,21232,151,23671,316,23095,1375,80413,308,32436,353,41042
265,532624,143,26405,76,26828,149,41320,113,35598,142,21518,155,23997,327,23395,1388,81026,310,32811,356,41473
266,534630,144,26715,77,27153,150,41723,113,36007,143,21813,157,24297,331,23711,1400,81646,312,33203,360,41937
267,536735,146,27077,80,27487,150,42179,114,36420,145,22105,160,24605,339,24038,1414,82278,316,33594,362,42397
268,538762,147,27417,82,27817,150,42625,115,36837,149,22420,167,24978,346,24366,1424,82913,322,33991,365,42816
269,540754,150,27784,85,28176,151,43093,117,37270,151,22741,172,25324,357,24692,1433,83538,329,34391,368,43238
270,542769,153,28137,88,28517,153,43537,117,37692,152,23085,176,25667,361,25011,1442,84139,334,34799,373,43718
271,544834,153,28484,88,28888,156,44001,118,38087,152,23394,179,26005,365,25352,1456,84781,339,35216,376,44201
272,546832,156,28828,90,29248,158,44446,119,38509,154,23731,181,26339,370,25693,1462,85367,341,35643,379,44627
273,548842,157,29182,92,29580,159,44893,119,38907,155,24016,183,26668,375,26010,1475,86004,346,36049,382,45071
274,550908,158,29532,93,29929,162,45389,121,39333,158,24352,184,27041,381,26342,1482,86682,348,36465,385,45510
275,552932,158,29912,96,30278,163,45820,124,39774,162,24695,188,27421,388,26665,1490,87356,352,36873,393,45970
276,554973,160,30306,99,30669,165,46265,125,40214,163,25022,189,27781,391,27035,1506,87981,353,37257,397,46450
277,556973,161,30663,100,31032,165,46721,125,40643,165,25375,190,28113,397,27370,1521,88583,356,37690,403,46883
278,558932,162,31017,100,31420,166,47185,127,41085,168,25714,192,28471,401,27699,1530,89190,359,38091,409,47332
279,561001,163,31395,100,31765,169,47639,128,41481,169,26036,193,28851,409,28067,1545,89895,359,38545,417,47851
280,563100,166,31789,102,32182,171,48130,129,41950,169,26377,194,29232,414,28442,1561,90540,361,38999,425,48317
281,565061,167,32153,103,32519,174,48614,129,42398,170,26740,196,29582,417,28758,1567,91140,371,39431,429,48797
282,567100,169,32502,103,32892,176,49096,129,42843,173,27076,198,29952,423,29115,1582,91778,374,39878,432,49264
283,569117,170,32891,103,33277,177,49560,131,43266,174,27438,200,30324,428,29466,1592,92410,382,40298,435,49760
284,571131,170,33272,105,33683,177,50030,132,43719,179,27769,201,30697,436,29829,1607,93063,384,40722,436,50231
285,573150,171,33657,106,34060,180,50460,134,44149,180,28132,205,31088,440,30213,1613,93711,387,41124,439,50706
286,575197,178,34069,109,34462,182,50995,136,44633,180,28499,206,31462,447,30590,1628,94365,390,41600,443,51223
287,577191,180,34441,109,34862,183,51460,137,45073,184,28858,207,31840,450,30946,1637,95025,393,42053,444,51725
288,579217,182,34809,111,35276,186,51963,140,45520,188,29197,210,32203,455,31309,1651,95689,398,42531,445,52214
289,581211,184,35189,112,35643,189,52444,142,45962,190,29528,213,32557,462,31669,1663,96369,402,42965,445,52712
290,583271,184,35596,112,36076,191,52949,142,46468,191,29943,215,32960,465,32059,1676,97039,407,43410,456,53226
291,585314,187,36032,115,36491,193,53443,147,46918,194,30330,216,33394,478,32462,1685,97678,409,43881,461,53732
292,587332,188,36425,117,36892,193,53951,149,47396,197,30701,223,33792,486,32856,1699,98335,411,44326,468,54202
293,589337,189,36820,119,37296,193,54430,154,47855,200,31052,225,34168,490,33246,1711,99000,417,44791,472,54693
294,591342,190,37225,121,37724,196,54936,155,48360,203,31422,230,34536,497,33632,1720,99656,422,45252,478,55154
295,593388,195,37651,122,38150,196,55473,158,48845,203,31812,235,34918,503,34032,1734,100293,427,45712,481,55690
296,595468,199,38051,123,38571,196,56000,159,49328,205,32198,238,35331,508,34408,1744,100960,435,46193,486,56242
297,597467,201,38428,124,38963,200,56536,159,49778,207,32555,243,35737,522,34767,1760,101604,439,46633,491,56763
298,599500,206,38865,126,39421,202,57084,161,50316,208,32972,245,36143,525,35167,1773,102258,443,47153,494,57234
299,601513,208,39260,129,39866,203,57576,169,50811,210,33380,247,36562,535,35597,1783,102931,449,47637,504,57737
300,603504,212,39716,132,40320,203,58074,171,51317,210,33766,249,36963,538,35984,1796,103599,456,48112,509,58226
301,605573,213,40160,133,40756,205,58609,174,51820,211,34155,256,37407,546,36385,1801,104296,460,48583,513,58786
302,607538,214,40556,134,41174,207,59096,174,52294,214,34553,260,37803,554,36788,1820,104976,465,49023,516,59276
303,609606,217,40966,134,41571,207,59625,175,52827,216,34932,261,38237,561,37196,1829,105686,472,49545,523,59787
304,611607,221,41415,137,42054,213,60193,177,53339,217,35294,265,38634,568,37595,1843,106362,476,50049,527,60298
305,613663,224,41876,139,42522,216,60740,179,53833,219,35766,269,39092,573,38047,1863,107051,480,50511,534,60882
306,615653,225,42326,140,42953,217,61263,183,54361,221,36180,271,39541,579,38438,1874,107743,486,51013,535,61395
307,617693,225,42756,143,43418,218,61807,186,54893,225,36588,279,39985,587,38858,1886,108394,493,51537,541,61906
308,619685,227,43201,145,43870,220,62332,187,55418,229,36999,282,40426,595,39267,1897,109057,494,52025,542,62468
309,621723,229,43641,147,44342,225,62865,189,55960,229,37401,282,40882,604,39714,1905,109716,500,52553,549,63005
310,623754,231,44079,147,44794,227,63428,191,56474,230,37863,288,41309,612,40124,1915,110395,506,53046,552,63526
311,625822,233,44541,149,45242,228,63972,192,57002,231,38273,290,41769,615,40552,1929,111107,515,53543,555,64050
312,627801,234,45001,150,45747,230,64527,193,57535,234,38713,294,42215,621,40979,1943,111755,517,54056,559,64612
313,629822,237,45463,152,46233,234,65074,196,58073,236,39170,299,42675,634,41428,1959,112467,522,54620,565,65176
314,631882,238,45955,152,46720,237,65660,197,58643,240,39621,303,43151,639,41860,1967,113170,527,55167,569,65709
315,633893,243,46417,155,47211,240,66247,199,59190,244,40054,307,43609,648,42284,1983,113860,533,55688,575,66273
316,635872,250,46872,156,47686,241,66787,200,59682,249,40513,311,44067,654,42726,1998,114527,539,56198,576,66806
317,637887,251,47333,157,48188,243,67350,204,60250,253,40956,313,44539,664,43170,2012,115207,544,56723,582,67330
318,639953,251,47787,162,48670,244,67910,209,60817,255,41402,318,45028,670,43617,2030,115899,549,57294,586,67901
319,641998,252,48265,165,49150,246,68440,211,61359,257,41847,321,45516,675,44024,2046,116623,555,57822,590,68449
320,643980,256,48776,166,49627,247,68999,214,61878,261,42276,326,45979,679,44499,2059,117314,557,58304,594,68951
321,645992,260,49250,166,50164,250,69592,217,62436,266,42767,328,46473,686,44975,2078,117968,561,58841,598,69524
322,648016,264,49753,167,50683,250,70172,219,63002,268,43230,332,46944,694,45444,2091,118656,567,59401,604,70120
323,650136,267,50247,168,51235,255,70796,220,63597,271,43719,334,47451,705,45927,2110,119347,572,59990,610,70700
324,652093,268,50729,168,51729,257,71363,220,64130,281,44169,336,47929,712,46385,2127,120024,580,60504,614,71260
325,654152,270,51201,170,52223,258,71930,223,64679,284,44641,340,48426,721,46855,2142,120782,587,61062,620,71824
326,656146,272,51702,172,52717,262,72534,226,65195,286,45070,347,48878,727,47323,2153,121491,591,61594,626,72390
327,658156,275,52210,175,53270,262,73090,228,65806,294,45574,351,49420,735,47781,2166,122179,599,62150,631,72944
328,660251,277,52745,177,53804,265,73665,231,66401,299,46091,355,49959,742,48292,2182,122929,602,62700,641,73500
329,662299,278,53255,180,54357,267,74234,233,66988,302,46567,357,50494,751,48781,2197,123652,607,63239,650,74065
330,664274,280,53746,181,54848,268,74837,233,67528,306,47039,365,50970,764,49287,2210,124379,611,63824,654,74642
331,666311,282,54274,182,55380,268,75480,238,68087,311,47524,370,51487,776,49773,2223,125070,617,64389,662,75230
332,668349,284,54786,183,55910,270,76097,242,68675,316,47999,372,52007,784,50257,2234,125788,624,64922,664,75828
333,670327,287,55285,184,56425,273,76676,244,69260,321,48481,377,52507,790,50699,2253,126474,631,65503,669,76410
334,672324,290,55779,186,56939,276,77281,245,69812,324,48941,380,52999,801,51207,2269,127185,634,66049,674,76988
335,674415,292,56342,187,57491,276,77886,247,70433,327,49490,382,53555,813,51742,2283,127933,640,66637,684,77579
336,676425,294,56881,188,58046,278,78500,248,70995,330,50018,388,54090,815,52205,2296,128624,652,67195,691,78176
337,678432,297,57425,192,58585,283,79085,250,71605,332,50510,391,54653,825,52712,2308,129328,659,67758,696,78748
338,680417,299,57953,195,59113,285,79713,253,72192,334,50992,392,55161,835,53211,2321,130073,668,68356,700,79352
339,682463,301,58490,200,59667,285,80354,258,72803,334,51516,397,55708,848,53725,2338,130853,678,68945,705,79964
340,684541,302,59019,204,60199,287,81011,262,73398,336,52053,399,56223,856,54247,2356,131613,682,69551,716,80657
341,686520,303,59517,207,60710,289,81633,267,73985,340,52559,399,56758,861,54694,2370,132333,686,70134,725,81245
342,688556,306,60115,208,61269,291,82281,270,74663,342,53107,408,57314,871,55265,2380,133038,697,70732,731,81858
343,690535,308,60673,210,61822,294,82902,274,75265,344,53615,413,57875,878,55789,2399,133784,704,71306,737,82466
344,692553,311,61224,213,62369,294,83554,277,75905,347,54170,415,58414,893,56315,2419,134532,720,71858,743,83094
345,694664,313,61794,216,62977,297,84205,279,76558,350,54740,420,59022,900,56856,2432,135313,724,72481,751,83718
346,696694,318,62351,216,63531,299,84833,281,77189,352,55303,425,59563,909,57398,2449,136029,727,73064,757,84359
347,698658,319,62921,217,64084,302,85513,283,77798,356,55812,427,60093,921,57889,2467,136716,732,73644,763,84953
348,700632,320,63457,220,64619,305,86157,287,78406,359,56328,429,60636,928,58407,2476,137422,739,74229,769,85573
349,702663,323,64013,225,65193,308,86828,290,79005,363,56854,434,61183,934,58929,2489,138177,743,74843,776,86186
350,704729,325,64645,225,65800,309,87499,291,79655,369,57426,439,61743,947,59465,2500,138925,751,75479,784,86879
351,706767,329,65212,227,66413,311,88177,294,80323,371,58023,446,62323,954,60021,2509,139683,760,76104,795,87513
352,708744,332,65788,233,67029,314,88832,297,80956,374,58571,450,62872,962,60563,2520,140437,767,76687,796,88126
353,710731,335,66345,234,67579,316,89443,298,81611,377,59113,452,63454,980,61106,2535,141199,776,77310,798,88740
354,712747,339,66960,235,68179,318,90085,304,82239,383,59640,454,64005,991,61660,2550,141951,788,77912,805,89396
355,714851,343,67609,240,68803,321,90755,309,82921,391,60225,457,64561,1003,62206,2565,142776,793,78552,814,90017
356,716972,345,68186,243,69424,324,91468,312,83593,400,60834,463,65147,1012,62804,2575,143588,798,79235,822,90687
357,718905,349,68781,245,70014,327,92123,313,84256,401,61401,467,65729,1027,63359,2591,144325,805,79843,826,91280
358,720811,354,69383,247,70596,330,92775,317,84880,406,61958,474,66319,1037,63870,2605,145036,808,80455,834,91877
359,722880,359,70023,249,71234,332,93479,324,85593,410,62568,481,66914,1049,64460,2621,145785,812,81115,841,92560
360,725017,363,70661,251,71908,335,94203,324,86297,419,63188,484,67545,1064,65071,2638,146593,819,81771,851,93271
361,727029,367,71252,253,72483,335,94858,327,86961,423,63755,485,68112,1076,65634,2652,147365,827,82418,858,93908
362,729038,373,71905,255,73114,338,95510,330,87617,427,64316,489,68673,1093,66207,2666,148085,830,83066,863,94527
363,730979,380,72458,257,73654,340,96149,330,88257,430,64867,493,69237,1099,66725,2677,148833,836,83676,873,95153
364,733069,385,73121,258,74361,343,96876,330,88971,431,65506,498,69931,1109,67346,2689,149647,848,84364,880,95863
365,735102,388,73787,258,75030,345,97607,333,89669,433,66109,501,70548,1118,67958,2705,150433,856,85011,892,96581
366,737165,393,74455,258,75698,352,98353,339,90356,439,66738,505,71170,1130,68610,2717,151229,862,85703,899,97271
367,739215,398,75118,260,76358,356,99070,343,91071,443,67365,508,71809,1140,69174,2733,152054,867,86381,906,97919
368,741146,403,75700,262,76990,358,99751,349,91747,445,67939,513,72415,1146,69744,2746,152789,870,87011,912,98565
369,743171,403,76323,266,77624,358,100433,353,92429,449,68549,515,73013,1159,70348,2762,153622,880,87643,919,99219
370,745212,407,77025,269,78294,358,101123,354,93110,453,69151,524,73655,1175,70916,2772,154415,888,88266,928,99905
371,747231,409,77660,271,78909,363,101835,356,93767,456,69752,528,74244,1189,71488,2786,155185,895,88896,933,100584
372,749302,413,78349,273,79600,367,102562,361,94471,458,70418,535,74918,1203,72140,2801,156011,901,89573,938,101275
373,751309,417,79012,276,80270,367,103266,363,95211,463,71067,543,75560,1216,72747,2818,156786,907,90275,943,101999
374,753247,422,79646,280,80926,370,103956,364,95932,468,71674,550,76214,1225,73331,2828,157544,913,90934,949,102660
375,755353,428,80349,284,81642,371,104744,366,96620,472,72326,554,76851,1241,73943,2838,158360,921,91671,956,103436
376,757337,431,81008,286,82297,375,105467,370,97265,477,72956,560,77473,1252,74554,2851,159130,928,92373,962,104161
377,759423,435,81673,290,82967,376,106201,372,98008,483,73632,562,78113,1262,75229,2874,159977,931,93065,967,104886
378,761406,437,82338,295,83635,376,106913,373,98680,488,74256,575,78723,1269,75840,2889,160758,936,93753,973,105529
379,763442,441,83088,295,84376,378,107633,376,99442,492,74930,578,79408,1280,76456,2897,161578,943,94430,983,106226
380,765456,443,83784,298,85080,382,108356,379,100188,500,75614,583,80107,1290,77068,2912,162400,952,95063,993,106920
381,767482,447,84472,301,85790,382,109101,388,100938,501,76281,589,80768,1302,77692,2925,163197,961,95751,1002,107587
382,769515,449,85200,304,86503,387,109819,391,101684,505,76934,596,81461,1316,78332,2947,164054,974,96485,1010,108324
383,771539,453,85925,307,87191,388,110568,392,102408,507,77591,604,82123,1324,78994,2964,164839,980,97232,1020,109083
384,773600,461,86635,310,87914,393,111360,396,103127,511,78269,609,82828,1339,79627,2988,165698,985,97938,1029,109848
385,775532,467,87290,310,88577,399,112086,398,103808,515,78930,616,83474,1349,80235,3004,166464,993,98614,1038,110595
386,777606,469,88002,312,89280,400,112869,402,104551,523,79585,620,84157,1363,80888,3022,167295,1002,99364,1042,111382
387,779694,473,88800,312,90049,403,113624,405,105345,527,80291,626,84857,1374,81651,3038,168123,1011,100129,1046,112138
388,781692,477,89543,315,90760,410,114378,410,106074,533,80990,633,85589,1390,82350,3045,168906,1015,100816,1050,112868
389,783597,482,90214,318,91462,411,115109,411,106789,536,81652,641,86219,1399,83005,3055,169629,1022,101459,1056,113549
390,785680,488,90972,321,92235,413,115965,413,107602,539,82361,646,86960,1406,83624,3072,170483,1029,102188,1061,114319
391,787728,489,91698,323,92969,418,116758,416,108359,546,83081,653,87660,1420,84300,3088,171310,1031,102890,1071,115051
392,789820,490,92457,326,93747,422,117596,419,109110,552,83770,655,88386,1433,84922,3107,172201,1035,103613,1080,115794
393,791782,491,93152,328,94405,427,118352,420,109824,556,84450,660,89020,1445,85534,3125,173034,1040,104367,1090,116544
394,793823,494,93972,330,95202,432,119190,424,110679,559,85154,667,89784,1454,86261,3143,173911,1047,105102,1098,117327
395,795826,499,94765,333,95956,435,119957,426,111442,565,85877,674,90495,1470,86970,3157,174775,1053,105822,1109,118130
396,797842,504,95558,337,96733,439,120708,429,112274,570,86623,679,91247,1483,87724,3170,175635,1058,106563,1120,118918
397,799897,505,96330,340,97517,444,121529,432,113103,573,87408,683,92014,1501,88479,3184,176440,1068,107351,1129,119745
398,801910,510,97093,345,98293,445,122313,434,113896,577,88127,686,92704,1518,89189,3203,177237,1074,108113,1142,120577
399,803880,515,97814,348,99002,447,123176,436,114682,586,88783,689,93397,1532,89877,3220,178024,1083,108854,1150,121366
400,805926,519,98615,351,99745,454,123995,440,115467,589,89510,694,94132,1541,90600,3234,178779,1091,109597,1158,122096
401,807969,525,99355,353,100505,455,124824,444,116256,594,90242,698,94854,1555,91251,3255,179462,1098,110324,1167,122803
402,810016,529,100206,358,101311,456,125638,449,117110,601,91074,701,95655,1574,91912,3266,180186,1109,111018,1172,123491
403,812029,534,101031,360,102142,457,126486,455,117937,606,91848,709,96454,1586,92544,3283,181017,1116,111694,1183,124164
404,814022,537,101867,362,102927,457,127270,463,118763,608,92606,710,97188,1598,93205,3303,181910,1122,112397,1190,124876
405,816040,542,102677,369,103724,459,128064,468,119586,616,93378,719,97971,1610,93924,3329,182846,1130,113131,1201,125645
406,818074,548,103463,372,104547,460,128863,470,120393,620,94143,723,98729,1626,94708,3356,183789,1139,113935,1210,126476
407,820116,556,104280,379,105343,462,129688,476,121258,625,94906,727,99485,1639,95531,3383,184740,1145,114774,1219,127383
408,822127,560,105053,383,106093,465,130526,480,122072,631,95632,730,100222,1656,96375,3399,185687,1159,115720,1238,128365
409,824136,562,105927,387,106945,471,131398,481,122973,637,96468,735,101059,1678,97257,3418,186512,1165,116581,1247,129259
410,826128,566,106844,392,107760,476,132243,484,123843,642,97259,739,101884,1687,97968,3431,187276,1170,117328,1253,130029
411,828167,570,107803,394,108623,483,133088,486,124753,648,98025,745,102674,1698,98632,3441,187933,1176,118013,1261,130708
412,830215,572,108609,398,109414,483,133921,487,125674,653,98690,750,103449,1703,99179,3452,188497,1180,118587,1267,131300
413,832301,575,109460,404,110170,483,134639,488,126430,658,99262,753,104193,1710,99635,3465,188937,1185,119038,1270,131752
414,834240,579,110459,408,110823,485,135342,491,127272,663,99742,759,104809,1712,99873,3471,189231,1188,119326,1272,132056
415,836260,584,111084,412,111592,489,136258,495,128329,663,100043,760,105253,1714,100027,3472,189388,1190,119499,1273,132222
